1,Miléna,Bartkiewicz,obartkiewicz0@smh.com.au,345-264-4803
2,Zoé,Braunlein,nbraunlein1@wiley.com,893-934-9941
3,Maïwenn,Krollman,jkrollman2@yelp.com,434-412-5359
4,Yè,Borlease,tborlease3@sbwire.com,869-186-4598
5,Personnalisée,Whitlam,lwhitlam4@biglobe.ne.jp,108-153-1758
6,Daphnée,Sleney,csleney5@virginia.edu,586-759-3217
7,Séréna,Adamczyk,dadamczyk6@about.com,125-689-6902
8,Léane,Whiteman,kwhiteman7@census.gov,517-403-6153
9,Eléa,Davidge,adavidge8@cisco.com,529-282-8705
10,Frédérique,Harry,gharry9@yelp.com,945-443-1534
11,Aí,Zoane,czoanea@mashable.com,388-789-2279
12,Stévina,Pooly,apoolyb@microsoft.com,786-963-8178
13,Maï,Piris,lpirisc@unc.edu,991-624-8393
14,Célestine,MacUchadair,lmacuchadaird@multiply.com,939-721-3821
15,Eléonore,Grimwade,agrimwadee@europa.eu,823-486-7608
16,Cinéma,Schwieso,wschwiesof@wikia.com,971-847-3557
17,Noëlla,Shearsby,vshearsbyg@a8.net,609-759-4059
18,Zhì,Tainton,ctaintonh@bloglines.com,564-108-9047
19,Angélique,Oakman,foakmani@shareasale.com,779-506-5856
20,Léandre,Whannel,awhannelj@opera.com,686-386-6408
21,Måns,Levee,hleveek@163.com,681-897-3385
22,Börje,Charrier,gcharrierl@sina.com.cn,153-534-0845
23,Judicaël,Lambell,elambellm@redcross.org,922-579-0004
24,Stévina,Kiffe,mkiffen@bandcamp.com,434-185-4292
25,Félicie,Narramor,inarramoro@mozilla.com,539-616-1475
26,Gisèle,Fiddeman,jfiddemanp@prweb.com,929-131-3979
27,Josée,Shakeshaft,cshakeshaftq@ft.com,596-534-0772
28,Léonore,Yole,lyoler@webeden.co.uk,158-832-2215
29,Táng,Parram,cparrams@sina.com.cn,419-339-8388
30,Börje,Vanyutin,svanyutint@comcast.net,744-545-8114
31,Lèi,Le Maitre,rlemaitreu@storify.com,664-482-7795
32,Océane,Augustin,eaugustinv@sakura.ne.jp,354-639-1261
33,Vénus,Battle,abattlew@diigo.com,933-519-0926
34,Maëlys,Duffitt,zduffittx@ucsd.edu,583-727-3927
35,André,Marsham,pmarshamy@google.es,664-669-3411
36,Annotés,Gorbell,kgorbellz@ebay.com,857-113-0462
37,Kévina,Gaskarth,agaskarth10@shutterfly.com,378-561-0753
38,Mà,Line,aline11@vimeo.com,251-454-2737
39,Gérald,Carles,jcarles12@phpbb.com,258-843-8003
40,Océanne,Figure,tfigure13@nsw.gov.au,869-448-5675
41,Valérie,Walesby,nwalesby14@sun.com,129-672-1975
42,Angèle,Edgcumbe,fedgcumbe15@zimbio.com,346-862-5305
43,Michèle,Scoyne,dscoyne16@people.com.cn,147-875-8187
44,Yú,Greenin,bgreenin17@archive.org,983-207-6885
45,Méryl,Blakely,gblakely18@meetup.com,597-739-6512
46,Méline,Kaines,skaines19@mtv.com,774-454-3943
47,Nélie,Mortell,bmortell1a@behance.net,169-503-0257
48,Océane,Landsborough,alandsborough1b@addtoany.com,578-875-1972
49,Mélia,Harlin,bharlin1c@51.la,120-928-4781
50,Eléa,Blazdell,kblazdell1d@de.vu,531-306-8911
51,Sélène,Beyer,tbeyer1e@ed.gov,666-785-4081
52,Salomé,Doppler,gdoppler1f@disqus.com,268-312-6823
53,Ruì,Wehnerr,ewehnerr1g@cyberchimps.com,396-704-4665
54,Anaël,Teissier,jteissier1h@about.me,118-225-1576
55,Simplifiés,Peasby,gpeasby1i@bing.com,180-271-5888
56,Clémentine,French,jfrench1j@ucsd.edu,439-866-6113
57,Angélique,Tyrone,ityrone1k@webnode.com,437-657-0488
58,Östen,Frearson,mfrearson1l@dyndns.org,353-485-2475
59,Maïwenn,Jewer,rjewer1m@live.com,349-507-0251
60,Audréanne,Colville,mcolville1n@theglobeandmail.com,902-797-6343
61,Maïlis,Ibberson,gibberson1o@comsenz.com,681-392-2425
62,Wá,Shave,eshave1p@sciencedaily.com,231-455-1065
63,Maéna,Renouf,vrenouf1q@cafepress.com,727-760-2953
64,Fèi,Fearenside,rfearenside1r@myspace.com,188-602-4941
65,Stéphanie,Beuscher,kbeuscher1s@dmoz.org,831-595-9737
66,Maïté,Destouche,hdestouche1t@xing.com,109-428-2598
67,Gösta,Jarrad,pjarrad1u@google.it,455-992-6171
68,Salomé,Castri,acastri1v@uol.com.br,735-621-9643
69,Cloé,Willbourne,swillbourne1w@jimdo.com,645-502-5432
70,Cécilia,Dunhill,cdunhill1x@mapy.cz,148-806-4789
71,Táng,Faires,hfaires1y@shop-pro.jp,208-207-7513
72,Françoise,Hannent,bhannent1z@freewebs.com,409-163-7855
73,Judicaël,Revel,drevel20@illinois.edu,938-361-1957
74,Lauréna,Condon,hcondon21@salon.com,614-959-5648
75,Mélissandre,Romain,iromain22@sakura.ne.jp,932-787-7807
76,Åke,Thurstance,lthurstance23@com.com,670-368-8133
77,Garçon,Skittle,gskittle24@yolasite.com,762-800-1218
78,Agnès,Eby,leby25@comsenz.com,574-753-9506
79,Dorothée,Gillaspy,jgillaspy26@php.net,285-338-2802
80,Geneviève,Kupisz,mkupisz27@example.com,926-439-6755
81,Åslög,Charette,rcharette28@washington.edu,192-798-9318
82,Félicie,Castard,lcastard29@bravesites.com,577-998-3130
83,Mélissandre,Baurerich,dbaurerich2a@ezinearticles.com,278-320-0040
84,Lyséa,Skillanders,gskillanders2b@rediff.com,174-593-3004
85,Garçon,McMorran,qmcmorran2c@cam.ac.uk,203-885-4420
86,Cunégonde,Toffano,ltoffano2d@diigo.com,810-346-0273
87,Gérald,Childrens,uchildrens2e@webnode.com,985-385-4086
88,Naëlle,Martina,jmartina2f@netvibes.com,799-731-1747
89,Angélique,Cattermole,tcattermole2g@usatoday.com,108-399-3248
90,Naéva,Sambals,msambals2h@msn.com,284-833-7066
91,Annotés,Garbutt,agarbutt2i@miibeian.gov.cn,949-554-0503
92,Cinéma,Roffe,mroffe2j@qq.com,319-708-6138
93,Béatrice,Jirasek,njirasek2k@liveinternet.ru,165-471-9212
94,Méline,Yakovliv,lyakovliv2l@blogger.com,610-224-4558
95,Göran,Tole,dtole2m@comsenz.com,160-830-7740
96,Marie-françoise,Randales,mrandales2n@mlb.com,833-202-4447
97,Clémence,Haffard,ehaffard2o@parallels.com,546-923-3330
98,Kuí,Fawks,ffawks2p@imgur.com,361-443-4424
99,Angélique,Perigeaux,rperigeaux2q@1und1.de,380-440-4236
100,Stévina,Peak,jpeak2r@illinois.edu,616-428-0529
101,Cécilia,Caherny,lcaherny2s@intel.com,140-982-0146
102,Erwéi,Louden,elouden2t@moonfruit.com,281-521-8797
103,Maïté,Haselwood,shaselwood2u@istockphoto.com,569-385-5285
104,Stévina,Fussen,ffussen2v@themeforest.net,765-519-6658
105,Angélique,Iron,riron2w@tinypic.com,176-688-5312
106,Cléa,Stivers,jstivers2x@cpanel.net,641-193-0923
107,Camélia,Richemont,hrichemont2y@mlb.com,716-341-9098
108,Adélie,Danieli,mdanieli2z@sogou.com,428-870-9802
109,Eliès,Hardistry,thardistry30@mit.edu,918-988-4946
110,Marie-noël,Annandale,bannandale31@stanford.edu,283-347-6206
111,Lyséa,Bailles,abailles32@creativecommons.org,751-201-9806
112,Cloé,Marran,mmarran33@studiopress.com,577-113-9307
113,Irène,Persitt,epersitt34@cargocollective.com,566-556-1885
114,Méghane,Byer,bbyer35@geocities.com,947-508-2121
115,Célia,Antognozzii,hantognozzii36@slashdot.org,920-378-2743
116,Anaïs,Devo,adevo37@businessinsider.com,529-818-1891
117,Maïly,Furmenger,mfurmenger38@yale.edu,118-421-2257
118,Géraldine,Abram,mabram39@rambler.ru,122-333-4370
119,Aurélie,MacSharry,fmacsharry3a@google.cn,230-671-8933
120,Cloé,Kopecka,rkopecka3b@acquirethisname.com,277-460-9399
121,Léonore,Matignon,lmatignon3c@sourceforge.net,444-845-7211
122,Marlène,Banthorpe,abanthorpe3d@dropbox.com,608-794-0445
123,Yóu,Torricella,ttorricella3e@e-recht24.de,390-988-6348
124,Björn,Burrill,gburrill3f@weibo.com,448-226-0438
125,Marie-ève,Wastell,jwastell3g@godaddy.com,907-276-5273
126,Mårten,Seddon,pseddon3h@ifeng.com,778-302-3005
127,Océane,Reynault,lreynault3i@google.it,560-697-1053
128,Séverine,Duchesne,wduchesne3j@diigo.com,929-896-1412
129,Anaël,Hiley,lhiley3k@gizmodo.com,230-826-1508
130,Irène,Baltzar,mbaltzar3l@miibeian.gov.cn,945-832-0416
131,Vénus,Castanho,gcastanho3m@bigcartel.com,948-659-4014
132,Mélys,Yerlett,myerlett3n@pinterest.com,513-408-4799
133,Cécile,Gallahue,bgallahue3o@tiny.cc,664-333-0919
134,Stévina,Hitchens,dhitchens3p@ifeng.com,285-491-3434
135,Geneviève,Trimmill,jtrimmill3q@pbs.org,994-125-4400
136,Nélie,Lars,mlars3r@rakuten.co.jp,779-471-6361
137,Estée,Staddon,mstaddon3s@vinaora.com,253-763-6352
138,Mélys,Mansuer,mmansuer3t@wunderground.com,300-396-4750
139,Séverine,Ingraham,mingraham3u@cnbc.com,713-576-6218
140,Noëlla,Harvie,hharvie3v@wired.com,370-971-6140
141,Estève,Everingham,meveringham3w@patch.com,602-884-8677
142,Séverine,Mailes,rmailes3x@stumbleupon.com,333-446-5748
143,Rachèle,Lowing,tlowing3y@issuu.com,322-388-1280
144,Táng,Blick,ablick3z@hibu.com,502-378-4215
145,Solène,Dampney,edampney40@indiatimes.com,630-313-5078
146,Hélèna,Bumpas,bbumpas41@psu.edu,321-616-9562
147,Kévina,Caveill,jcaveill42@webnode.com,311-460-9614
148,Géraldine,Bullar,tbullar43@sciencedirect.com,593-510-7559
149,Michèle,Hember,shember44@samsung.com,173-367-6707
150,Annotée,Emmines,aemmines45@amazon.co.uk,796-124-7326
151,Réjane,Bondy,ebondy46@homestead.com,649-196-9915
152,Céline,Board,aboard47@slideshare.net,672-272-9841
153,Méline,Brackenbury,cbrackenbury48@goo.ne.jp,651-591-4547
154,Pélagie,Manicom,gmanicom49@cyberchimps.com,501-584-1478
155,Görel,Berrill,pberrill4a@opensource.org,532-311-5544
156,Marie-thérèse,Scawn,zscawn4b@usgs.gov,970-135-3088
157,Mélina,Espinay,tespinay4c@ucoz.com,641-581-6560
158,Mén,Hardy-Piggin,rhardypiggin4d@accuweather.com,514-756-1367
159,Salomé,Eldrett,weldrett4e@xinhuanet.com,945-348-4413
160,Amélie,Sandon,fsandon4f@shop-pro.jp,747-961-3425
161,Bérangère,Yurshev,ryurshev4g@comcast.net,219-123-8871
162,Maëly,Schulken,aschulken4h@google.de,285-531-2105
163,Réservés,Bischof,abischof4i@miibeian.gov.cn,319-267-1483
164,Publicité,Golton,cgolton4j@godaddy.com,368-410-6160
165,Salomé,Tritten,otritten4k@lulu.com,194-458-0814
166,Pélagie,Gligoraci,wgligoraci4l@examiner.com,687-889-0275
167,Marie-josée,Arias,aarias4m@gmpg.org,987-285-6526
168,Dorothée,Cadigan,mcadigan4n@stumbleupon.com,107-599-1612
169,Gaétane,Skeath,rskeath4o@ow.ly,882-125-0575
170,Judicaël,Warriner,mwarriner4p@hibu.com,134-572-6894
171,Clémence,Dronsfield,kdronsfield4q@angelfire.com,324-671-3352
172,Lóng,Zaniolo,kzaniolo4r@discovery.com,371-462-2572
173,Renée,Bonnin,mbonnin4s@woothemes.com,815-657-2458
174,Kù,Righy,nrighy4t@google.co.uk,206-315-6767
175,Zhì,Salt,asalt4u@nasa.gov,921-515-1824
176,Crééz,Benasik,jbenasik4v@apple.com,394-429-9898
177,Salomé,Aliberti,daliberti4w@g.co,446-663-6439
178,Loïs,Goulden,tgoulden4x@ftc.gov,547-235-5083
179,Gösta,Nolda,cnolda4y@wufoo.com,485-607-5234
180,Salomé,Carsey,acarsey4z@goo.gl,411-406-1192
181,Pénélope,Reeken,dreeken50@typepad.com,774-525-9942
182,Hélène,Ehrat,behrat51@etsy.com,309-847-8823
183,Lorène,Lauderdale,tlauderdale52@harvard.edu,898-923-0534
184,Maëlys,Glowacha,gglowacha53@webmd.com,794-577-1111
185,Yóu,Linfoot,slinfoot54@squidoo.com,755-362-3923
186,Kévina,McNicol,rmcnicol55@alexa.com,799-416-8855
187,Erwéi,Quakley,cquakley56@trellian.com,512-492-5489
188,Daphnée,Berecloth,eberecloth57@mlb.com,119-592-2051
189,Laurène,Reddick,areddick58@tamu.edu,614-915-4941
190,Géraldine,Gildersleeve,cgildersleeve59@omniture.com,854-846-5681
191,Faîtes,Stubley,hstubley5a@quantcast.com,329-570-0351
192,Almérinda,Blenkhorn,mblenkhorn5b@addthis.com,133-547-8651
193,Ruì,Baulcombe,abaulcombe5c@networkadvertising.org,833-968-0741
194,Mélia,Chapell,cchapell5d@reuters.com,651-904-0111
195,Bénédicte,Madrell,hmadrell5e@rediff.com,886-897-6174
196,Lài,Pedlingham,dpedlingham5f@blogtalkradio.com,473-437-5421
197,Marie-ève,Baysting,ebaysting5g@liveinternet.ru,640-605-9914
198,Zoé,Kas,mkas5h@unesco.org,432-257-6328
199,Célia,O'Roan,voroan5i@github.io,759-560-2510
200,Andrée,Castillou,dcastillou5j@liveinternet.ru,948-992-3039
201,Yáo,Foxcroft,lfoxcroft5k@symantec.com,564-779-3947
202,Léonore,Commins,jcommins5l@privacy.gov.au,665-357-8038
203,Liè,Oliveras,boliveras5m@cnet.com,871-482-0183
204,Loïs,Soames,ssoames5n@blog.com,289-164-5509
205,Célestine,Jakuszewski,ejakuszewski5o@flavors.me,550-384-8694
206,Gaétane,Reaper,creaper5p@ebay.com,545-902-8414
207,Dù,Ligerton,dligerton5q@posterous.com,203-618-5339
208,Intéressant,Kingh,dkingh5r@rakuten.co.jp,182-473-3072
209,Mårten,Oakshott,coakshott5s@about.me,709-323-2588
210,Mélys,Gowdridge,dgowdridge5t@soup.io,549-685-7430
211,Loïca,Pippard,epippard5u@youtube.com,918-986-7762
212,Crééz,Denys,qdenys5v@nifty.com,247-799-3574
213,Océanne,Landre,flandre5w@dot.gov,395-784-8092
214,Naéva,Heers,lheers5x@ucla.edu,731-501-4541
215,Lorène,Bambridge,fbambridge5y@yellowbook.com,261-192-1506
216,Eléonore,Ducker,oducker5z@tumblr.com,481-147-5478
217,Aurélie,Keatley,ckeatley60@marketwatch.com,590-463-2097
218,Mélia,Minty,gminty61@naver.com,337-320-8338
219,Loïca,Sieur,jsieur62@twitpic.com,689-368-9624
220,Amélie,Stringman,estringman63@google.es,742-648-4089
221,Mélys,Allport,aallport64@qq.com,878-967-0240
222,Annotée,Rabbe,rrabbe65@google.it,209-446-0236
223,Gwenaëlle,Ridley,pridley66@si.edu,432-668-8624
224,Wá,Arundell,garundell67@hc360.com,811-596-4768
225,Annotée,Osmant,dosmant68@histats.com,637-133-5131
226,Östen,Kinzett,lkinzett69@yolasite.com,738-381-4359
227,Almérinda,Milsom,dmilsom6a@i2i.jp,315-229-0706
228,Gaïa,Goede,mgoede6b@omniture.com,151-662-4199
229,Salomé,Loveguard,zloveguard6c@cyberchimps.com,109-535-9863
230,Almérinda,Sandever,tsandever6d@cargocollective.com,936-798-1628
231,Mårten,Moggie,umoggie6e@boston.com,149-569-9117
232,Maïly,Lawey,clawey6f@arizona.edu,794-805-2172
233,Åslög,Bouskill,hbouskill6g@theatlantic.com,718-642-4630
234,Yáo,Okenden,pokenden6h@photobucket.com,712-652-1820
235,Lyséa,Schimoni,mschimoni6i@cbc.ca,279-240-3323
236,Zhì,Lorenzini,rlorenzini6j@pbs.org,310-569-9148
237,Maëlys,Langford,hlangford6k@tiny.cc,226-949-9461
238,Publicité,Greenleaf,dgreenleaf6l@surveymonkey.com,120-342-5222
239,Angélique,Lovelady,dlovelady6m@patch.com,325-338-8941
240,Loïca,Perrone,bperrone6n@ebay.com,316-749-8450
241,Léonore,Timbs,ntimbs6o@canalblog.com,589-967-0552
242,Faîtes,Alen,salen6p@example.com,183-949-3335
243,Lén,Peirson,epeirson6q@blog.com,828-349-7162
244,Yè,Shoorbrooke,ashoorbrooke6r@tuttocitta.it,970-990-9687
245,Anaïs,Clayill,mclayill6s@diigo.com,486-963-1518
246,Ruò,Covet,icovet6t@qq.com,726-817-2953
247,Loïc,De Metz,ydemetz6u@cpanel.net,698-639-0438
248,Zoé,Polack,apolack6v@noaa.gov,713-601-4539
249,Géraldine,Berston,pberston6w@census.gov,919-671-3516
250,Mélina,Bogue,bbogue6x@topsy.com,722-222-4404
251,Zhì,Kyberd,gkyberd6y@mit.edu,873-648-8474
252,Maëly,Blinman,bblinman6z@nymag.com,807-697-0372
253,Michèle,Weafer,mweafer70@godaddy.com,234-753-4935
254,Marie-ève,Mcettrick,kmcettrick71@t-online.de,394-792-1809
255,Cloé,Hassur,mhassur72@cbsnews.com,132-769-2157
256,Dafnée,Beadel,cbeadel73@tmall.com,389-407-7709
257,Lèi,Brahm,jbrahm74@eventbrite.com,950-705-7443
258,Inès,Wapple,dwapple75@cnbc.com,643-369-5710
259,Ráo,Brasher,abrasher76@census.gov,788-138-2656
260,Séréna,MacCurtain,lmaccurtain77@squarespace.com,180-584-3030
261,Annotée,Cumber,gcumber78@uiuc.edu,335-424-1321
262,Frédérique,Exelby,lexelby79@themeforest.net,917-636-4943
263,Lén,Trinder,dtrinder7a@dell.com,422-415-3541
264,Mélissandre,Shrimpling,lshrimpling7b@edublogs.org,175-262-9010
265,Maïwenn,McVanamy,jmcvanamy7c@ow.ly,317-106-9079
266,Salomé,Pray,tpray7d@hostgator.com,783-103-9492
267,Pål,Beer,ibeer7e@gnu.org,187-489-5850
268,Joséphine,Folan,afolan7f@ezinearticles.com,848-545-7946
269,Dafnée,Cassley,rcassley7g@amazonaws.com,851-568-0358
270,Liè,Sarle,nsarle7h@comcast.net,540-350-7217
271,Danièle,Dreini,ldreini7i@latimes.com,430-906-2564
272,Yú,Feighney,jfeighney7j@china.com.cn,431-171-7400
273,Intéressant,Roubert,aroubert7k@nationalgeographic.com,399-105-5706
274,Vérane,Schuster,fschuster7l@domainmarket.com,848-697-6516
275,Michèle,Smithers,lsmithers7m@intel.com,871-294-1643
276,Cloé,Rowlatt,frowlatt7n@house.gov,680-234-5894
277,Michèle,Streather,cstreather7o@usgs.gov,374-201-9270
278,Åke,Wofenden,bwofenden7p@wp.com,302-290-4597
279,Océane,Cristofalo,kcristofalo7q@google.com.au,636-211-1226
280,Bécassine,Ector,bector7r@eventbrite.com,756-582-3424
281,Stévina,Delouch,ldelouch7s@sun.com,503-382-1176
282,Eloïse,Aylett,kaylett7t@cnn.com,535-355-6176
283,Andréa,Harnetty,kharnetty7u@wunderground.com,666-634-8038
284,Kévina,Cardello,ccardello7v@hatena.ne.jp,351-910-9917
285,Magdalène,Loader,tloader7w@epa.gov,570-905-7126
286,Pò,Kinzel,tkinzel7x@cocolog-nifty.com,185-705-8900
287,Marie-noël,Gentreau,rgentreau7y@cnet.com,779-803-5975
288,Naëlle,Le Blanc,wleblanc7z@mashable.com,167-355-1961
289,Néhémie,Larive,blarive80@oaic.gov.au,940-427-4813
290,Görel,Wooffitt,kwooffitt81@mapy.cz,152-652-4717
291,Régine,Marriott,bmarriott82@gnu.org,989-851-1820
292,Maëly,Izkovitz,bizkovitz83@reference.com,744-776-3207
293,Mélys,Kett,pkett84@scribd.com,496-456-2337
294,Táng,Yakobowitz,dyakobowitz85@webeden.co.uk,865-693-1547
295,Nadège,Abrahart,wabrahart86@java.com,339-238-1116
296,Ophélie,Trow,ktrow87@un.org,835-824-8658
297,Joséphine,Andren,landren88@unc.edu,144-863-7639
298,Lorène,Honisch,chonisch89@surveymonkey.com,547-293-8572
299,Mélissandre,Eyrl,beyrl8a@vk.com,390-902-8421
300,Estée,Crates,lcrates8b@last.fm,115-580-8074
301,Cloé,Deyes,sdeyes8c@huffingtonpost.com,799-777-2470
302,Marie-josée,Kingston,wkingston8d@biglobe.ne.jp,601-198-3594
303,Michèle,Egiloff,wegiloff8e@xrea.com,478-242-9798
304,Gaëlle,Duffree,cduffree8f@amazon.com,979-415-2932
305,Léonie,Traher,ktraher8g@washington.edu,894-566-6554
306,Görel,Alesbrook,ralesbrook8h@youku.com,366-858-0023
307,Maëlla,Edsall,redsall8i@barnesandnoble.com,590-170-9693
308,Uò,Bilbrooke,dbilbrooke8j@rakuten.co.jp,535-146-8000
309,Ophélie,Tonge,ktonge8k@icq.com,464-442-5548
310,Camélia,Quiney,lquiney8l@cpanel.net,283-162-8873
311,Clémentine,Squier,vsquier8m@ameblo.jp,824-250-8504
312,Anaël,Pargetter,npargetter8n@usa.gov,346-659-1744
313,Estève,Arndtsen,oarndtsen8o@ed.gov,188-596-3236
314,Ruì,Walch,lwalch8p@vk.com,841-924-4600
315,Mélinda,Wolters,lwolters8q@infoseek.co.jp,535-753-2839
316,Mélissandre,Urey,hurey8r@about.me,671-652-6951
317,Anaïs,Harmar,aharmar8s@thetimes.co.uk,452-484-8653
318,Frédérique,Bentzen,rbentzen8t@rambler.ru,743-821-7865
319,Aurélie,Smorthit,ksmorthit8u@etsy.com,953-599-5581
320,Edmée,Latch,klatch8v@washingtonpost.com,214-109-9627
321,Gaïa,Ickov,sickov8w@addtoany.com,134-773-5697
322,Camélia,Hussell,mhussell8x@who.int,821-954-1351
323,Mélia,Clarricoates,kclarricoates8y@craigslist.org,475-136-4121
324,Estève,Warn,twarn8z@nifty.com,665-847-5563
325,Cloé,Gover,ngover90@dell.com,343-980-6765
326,Clémentine,Mcmanaman,bmcmanaman91@sfgate.com,515-402-2449
327,Nélie,Tabour,rtabour92@guardian.co.uk,116-302-1387
328,Joséphine,Asel,easel93@furl.net,294-267-9413
329,Anaïs,Tollady,itollady94@walmart.com,521-683-7065
330,Zoé,Cases,ecases95@senate.gov,576-576-0393
331,André,Duckwith,gduckwith96@ucoz.ru,848-391-0900
332,Maëly,Blackwood,dblackwood97@va.gov,532-467-2777
333,Pénélope,Stirling,cstirling98@patch.com,994-469-9263
334,Frédérique,Bewsey,lbewsey99@disqus.com,991-826-1859
335,Méthode,Cozins,bcozins9a@hubpages.com,561-408-9336
336,Anaëlle,Bothie,nbothie9b@xing.com,811-959-5647
337,Torbjörn,Casado,scasado9c@zdnet.com,896-245-3016
338,Stéphanie,Eilhermann,xeilhermann9d@europa.eu,263-392-3804
339,Tú,Joberne,cjoberne9e@qq.com,854-506-4860
340,Nadège,Barringer,ibarringer9f@columbia.edu,284-659-5686
341,Marie-françoise,Szymanzyk,wszymanzyk9g@ca.gov,955-788-6327
342,Joséphine,Birmingham,abirmingham9h@nsw.gov.au,234-276-6184
343,Rébecca,Cordingly,ccordingly9i@amazon.de,883-830-1051
344,Naëlle,Kings,ekings9j@upenn.edu,455-900-8002
345,Yáo,Baison,sbaison9k@arstechnica.com,117-362-0379
346,Lén,Piff,spiff9l@dailymotion.com,963-190-2055
347,Marlène,Caurah,acaurah9m@ustream.tv,947-366-4506
348,Edmée,Bielfeld,pbielfeld9n@sogou.com,559-692-3992
349,Léonore,Elgy,belgy9o@webs.com,873-787-6455
350,Mélinda,Smuth,ismuth9p@last.fm,750-736-0189
351,Fèi,Solleme,asolleme9q@elegantthemes.com,587-814-4387
352,Cléopatre,Rapa,wrapa9r@meetup.com,700-547-0598
353,Loïc,Corfield,dcorfield9s@amazon.co.jp,676-559-0390
354,Marie-noël,Fullman,wfullman9t@thetimes.co.uk,402-737-0212
355,Adélaïde,Wilse,dwilse9u@apple.com,844-569-2439
356,Laurélie,Mart,pmart9v@hexun.com,919-697-3253
357,Gaïa,Vian,dvian9w@house.gov,859-401-5791
358,Léonie,Tighe,htighe9x@xing.com,692-109-1590
359,Ruì,Casaroli,kcasaroli9y@sitemeter.com,812-613-0399
360,Maïté,Goodsell,jgoodsell9z@nih.gov,527-547-3545
361,Daphnée,Gregoli,lgregolia0@360.cn,118-886-8236
362,Magdalène,Cromer,jcromera1@amazon.com,692-245-4968
363,Inès,Lark,hlarka2@51.la,751-840-4152
364,Néhémie,Gunthorp,kgunthorpa3@goo.gl,338-646-3684
365,Andréa,Hay,ahaya4@mapy.cz,968-419-3510
366,Illustrée,Streatley,rstreatleya5@hud.gov,110-195-2164
367,Gwenaëlle,Tyson,jtysona6@networkadvertising.org,115-599-4240
368,Clélia,Sanderson,bsandersona7@apache.org,878-863-2646
369,Táng,Lyokhin,rlyokhina8@hostgator.com,276-861-5227
370,Lài,Chetter,gchettera9@163.com,850-638-7204
371,Bérénice,Cotillard,gcotillardaa@google.ca,418-602-2582
372,Lóng,Ruddock,druddockab@google.de,194-469-5042
373,Aurélie,Trafford,wtraffordac@dell.com,444-891-2195
374,Béatrice,Lorenz,hlorenzad@blinklist.com,508-232-5047
375,Börje,McGlew,pmcglewae@ibm.com,284-471-2956
376,Alizée,Pawlata,spawlataaf@dyndns.org,706-193-5596
377,Rachèle,Desvignes,adesvignesag@over-blog.com,201-746-2380
378,Célestine,Ley,bleyah@google.com,574-706-9028
379,Bénédicte,Field,bfieldai@shareasale.com,365-860-8709
380,Océane,Leamon,jleamonaj@sakura.ne.jp,304-969-6837
381,Mégane,Kerner,wkernerak@aboutads.info,944-930-8371
382,Mélia,Frise,efriseal@github.io,646-987-0357
383,Geneviève,Templeman,etemplemanam@ifeng.com,798-277-2678
384,Mélissandre,Lumpkin,blumpkinan@cnbc.com,163-977-4727
385,Sòng,Tabard,jtabardao@independent.co.uk,559-198-4856
386,Märta,Conti,hcontiap@huffingtonpost.com,304-499-8486
387,Fèi,Jakubovsky,mjakubovskyaq@ucoz.ru,795-274-0915
388,Thérèse,Gleadle,mgleadlear@mapy.cz,291-655-2978
389,Edmée,Anthoin,hanthoinas@macromedia.com,858-967-5972
390,Fèi,Putterill,eputterillat@e-recht24.de,893-304-2858
391,Bécassine,Vedyashkin,bvedyashkinau@qq.com,729-222-8842
392,Noëlla,Thurston,cthurstonav@ustream.tv,474-699-0690
393,Cécilia,Andryunin,bandryuninaw@people.com.cn,171-595-0258
394,Aurélie,Dumbar,mdumbarax@google.de,104-757-0380
395,Fèi,Larsen,llarsenay@scientificamerican.com,312-476-0439
396,Géraldine,Scotchbrook,jscotchbrookaz@sitemeter.com,435-312-6009
397,Régine,Johnson,djohnsonb0@studiopress.com,164-336-1361
398,Andréa,Huge,fhugeb1@businessweek.com,185-900-8607
399,Médiamass,Nevill,hnevillb2@weibo.com,721-735-4119
400,Edmée,Galbraith,mgalbraithb3@sina.com.cn,614-688-9724
401,Adélaïde,Le Brom,mlebromb4@mlb.com,880-275-1253
402,Vénus,Klempke,aklempkeb5@stanford.edu,391-470-7228
403,Anaé,Beausang,abeausangb6@e-recht24.de,231-874-8806
404,Lén,Laba,mlabab7@hugedomains.com,311-726-1268
405,Hélène,Hourahan,shourahanb8@dot.gov,454-702-4278
406,Göran,Button,fbuttonb9@github.com,137-137-0320
407,Sòng,Cotgrave,bcotgraveba@vkontakte.ru,561-220-4769
408,Bérangère,Lomasna,tlomasnabb@google.cn,404-909-5652
409,Åsa,Oven,covenbc@taobao.com,491-915-5273
410,Valérie,Seide,sseidebd@eventbrite.com,186-114-5757
411,Uò,Tirone,btironebe@xing.com,552-486-4636
412,Yè,Daughtry,ldaughtrybf@utexas.edu,787-871-4530
413,Mélina,Saggs,ssaggsbg@smugmug.com,988-428-2188
414,Görel,Dumke,kdumkebh@google.ca,858-369-2462
415,Yóu,Dixsee,ldixseebi@go.com,869-669-9614
416,Eléa,Winfred,lwinfredbj@howstuffworks.com,443-619-6919
417,Gwenaëlle,Baccas,sbaccasbk@alibaba.com,502-833-8814
418,Séverine,Stanner,istannerbl@weather.com,916-589-0687
419,Bérangère,Coady,acoadybm@dropbox.com,200-184-6214
420,Néhémie,Sidebottom,bsidebottombn@tinyurl.com,173-606-0547
421,Eloïse,Suero,jsuerobo@yolasite.com,592-968-2570
422,Görel,Boulding,bbouldingbp@bigcartel.com,852-782-7614
423,Rachèle,Cust,acustbq@merriam-webster.com,801-532-1502
424,Adélaïde,Basset,abassetbr@is.gd,600-123-1569
425,Marie-hélène,Clayhill,kclayhillbs@dailymail.co.uk,323-451-9935
426,Pénélope,Kealy,mkealybt@mayoclinic.com,553-586-7542
427,Béatrice,Canning,scanningbu@rediff.com,861-849-8429
428,Michèle,Lyster,jlysterbv@fc2.com,528-830-2139
429,Rachèle,Tabbernor,htabbernorbw@xrea.com,245-179-0039
430,Lèi,Beagles,abeaglesbx@house.gov,765-655-3370
431,Björn,Aldersea,ialderseaby@gnu.org,389-409-6573
432,Mén,Trencher,atrencherbz@microsoft.com,649-763-5477
433,Mélys,Burdge,nburdgec0@theglobeandmail.com,808-422-5756
434,Göran,Plascott,cplascottc1@cmu.edu,529-636-8249
435,Rébecca,Hovenden,shovendenc2@tumblr.com,987-280-9741
436,Léandre,Orfeur,morfeurc3@gov.uk,376-991-5138
437,Mà,Tolley,etolleyc4@dagondesign.com,136-532-4923
438,Clémentine,Mizzen,amizzenc5@huffingtonpost.com,226-714-7271
439,Mén,Landy,alandyc6@toplist.cz,554-938-0444
440,Esbjörn,Laxtonne,blaxtonnec7@deliciousdays.com,575-550-3957
441,Zoé,Odda,aoddac8@nih.gov,512-921-9431
442,Sélène,Keaton,tkeatonc9@icq.com,961-589-3002
443,Dorothée,Shortt,mshorttca@rediff.com,141-267-9649
444,Gösta,Manilove,bmanilovecb@house.gov,276-712-9611
445,Renée,Murgatroyd,lmurgatroydcc@360.cn,603-345-3527
446,Marie-josée,Lorait,bloraitcd@goo.gl,471-167-4350
447,Táng,Gration,fgrationce@paypal.com,833-255-4878
448,Ophélie,McChruiter,tmcchruitercf@wikispaces.com,235-361-1946
449,Pélagie,Kingham,kkinghamcg@nationalgeographic.com,675-772-4868
450,Östen,De Hoogh,adehooghch@jigsy.com,313-763-0499
451,Lén,Cleall,jcleallci@canalblog.com,919-372-1715
452,Céline,Prudence,wprudencecj@narod.ru,984-422-3610
453,Maëlys,Noddings,jnoddingsck@icq.com,694-775-9438
454,Dù,Besemer,pbesemercl@altervista.org,540-775-2775
455,Lauréna,Ivasyushkin,aivasyushkincm@google.it,724-337-0895
456,Danièle,Kenelin,skenelincn@qq.com,410-117-5279
457,Loïc,De Vaux,adevauxco@miibeian.gov.cn,414-607-7693
458,Géraldine,Gentsch,fgentschcp@smugmug.com,987-922-2395
459,Andréanne,Gabbitus,bgabbituscq@ezinearticles.com,718-527-1230
460,Gösta,Sheeran,hsheerancr@disqus.com,816-530-2133
461,Åsa,Torn,ltorncs@dagondesign.com,230-726-6092
462,Célia,Kingsly,wkingslyct@sfgate.com,403-987-2089
463,Anaïs,Eastby,deastbycu@unesco.org,542-802-3529
464,Léa,Ettels,mettelscv@geocities.com,166-898-9979
465,Cécilia,Grayshan,fgrayshancw@4shared.com,474-248-8707
466,Célia,Forryan,nforryancx@hhs.gov,760-591-0654
467,Zoé,Haddrill,ahaddrillcy@surveymonkey.com,345-741-8840
468,Yè,McDermott-Row,bmcdermottrowcz@sourceforge.net,911-876-5468
469,Estève,Bolderstone,obolderstoned0@geocities.jp,532-881-4590
470,Adélie,Fardy,dfardyd1@hostgator.com,955-170-8887
471,Léonore,Ledwidge,kledwidged2@symantec.com,464-996-2363
472,Noëlla,Veevers,rveeversd3@1688.com,728-690-6186
473,Dafnée,Carberry,kcarberryd4@go.com,132-277-9025
474,Ráo,Charlot,ccharlotd5@hubpages.com,278-577-4192
475,Stéphanie,Spieght,rspieghtd6@weibo.com,246-880-0680
476,Lén,Froment,cfromentd7@networksolutions.com,271-918-9990
477,Françoise,Starsmore,astarsmored8@oracle.com,606-529-2035
478,Yóu,Beckinsale,tbeckinsaled9@oakley.com,682-958-5185
479,Zhì,Rizzello,jrizzelloda@telegraph.co.uk,775-654-7438
480,Irène,Vinnick,hvinnickdb@wsj.com,352-984-1982
481,Maëly,Durno,edurnodc@quantcast.com,811-961-6752
482,Océane,Klimuk,lklimukdd@wufoo.com,418-319-5990
483,Maëlyss,Burvill,mburvillde@google.fr,290-254-1557
484,Hélène,Garrood,mgarrooddf@jigsy.com,672-539-8912
485,Marlène,Boch,abochdg@geocities.com,516-234-3859
486,Liè,Mil,hmildh@joomla.org,839-288-9343
487,Yóu,Siveyer,dsiveyerdi@wp.com,664-142-4147
488,Maïlis,Leupold,bleupolddj@php.net,961-499-4061
489,Solène,Saberton,tsabertondk@admin.ch,334-625-9987
490,Estée,Merrill,cmerrilldl@intel.com,307-875-4753
491,Renée,Jorgensen,bjorgensendm@china.com.cn,570-369-3025
492,Björn,Rubee,frubeedn@archive.org,812-204-3023
493,Mégane,Nolda,snoldado@liveinternet.ru,160-150-5776
494,Mégane,Glasscoe,fglasscoedp@walmart.com,660-939-4943
495,Lài,Keaves,lkeavesdq@wisc.edu,286-730-2819
496,Angélique,Bradnam,ebradnamdr@economist.com,496-461-2164
497,Léana,Gange,agangeds@furl.net,767-400-3154
498,Ruò,Klauber,nklauberdt@skype.com,693-574-3871
499,Gaëlle,Gensavage,rgensavagedu@mozilla.org,843-286-3417
500,Naéva,Ellerey,cellereydv@amazon.co.uk,165-206-1438
501,Méthode,Lorimer,nlorimerdw@home.pl,415-520-7206
502,Maëlann,Hyam,mhyamdx@virginia.edu,261-847-0815
503,Loïc,McBayne,smcbaynedy@npr.org,903-777-1616
504,Aurélie,Tomaino,ltomainodz@blogs.com,299-457-9496
505,Léandre,Jakubowicz,fjakubowicze0@youtube.com,842-159-0683
506,Judicaël,Hastelow,thastelowe1@newyorker.com,577-951-4665
507,Célia,Rougier,mrougiere2@examiner.com,697-878-8802
508,Bérangère,Leaman,cleamane3@bigcartel.com,666-548-9971
509,Gaëlle,Pittwood,mpittwoode4@wikispaces.com,141-955-6280
510,Eliès,Petrussi,apetrussie5@flickr.com,972-394-0382
511,Hélène,McArte,pmcartee6@pbs.org,481-104-1168
512,Mylène,Molian,lmoliane7@tripadvisor.com,161-218-8152
513,Illustrée,Chatten,rchattene8@fastcompany.com,222-589-9330
514,Maëlle,Ratter,crattere9@cdc.gov,193-163-5923
515,Océanne,Heggie,eheggieea@cam.ac.uk,690-718-1228
516,Méng,Armand,carmandeb@163.com,447-426-0463
517,Médiamass,Chese,jcheseec@xrea.com,733-155-6961
518,Médiamass,Moakes,emoakesed@angelfire.com,718-434-1882
519,Lài,Versey,lverseyee@purevolume.com,829-525-2262
520,Vérane,Camock,jcamockef@nymag.com,748-532-9111
521,Gisèle,Vardy,avardyeg@amazonaws.com,777-896-7628
522,Frédérique,Ambrosio,dambrosioeh@fema.gov,492-725-4855
523,Mélys,Meeny,dmeenyei@delicious.com,486-812-8469
524,Véronique,Kuhnke,rkuhnkeej@meetup.com,779-879-5411
525,Dà,McFarland,cmcfarlandek@arstechnica.com,954-566-1975
526,Mylène,Kyngdon,rkyngdonel@symantec.com,173-965-1318
527,Bénédicte,Player,cplayerem@businessweek.com,637-322-0891
528,Mélina,Van Vuuren,gvanvuurenen@etsy.com,581-392-5990
529,Marylène,Strippling,bstripplingeo@vkontakte.ru,882-185-6310
530,Adélaïde,Mulchrone,emulchroneep@cloudflare.com,314-762-6744
531,Méng,Heersma,uheersmaeq@forbes.com,800-501-3029
532,Yáo,Spellessy,gspellessyer@wired.com,497-649-2327
533,Maëlla,Coldridge,wcoldridgees@toplist.cz,337-104-9082
534,Véronique,Llewellyn,mllewellynet@nasa.gov,665-479-6489
535,Maëly,Menpes,jmenpeseu@weebly.com,482-934-5432
536,Maïté,Dikle,bdikleev@goo.ne.jp,862-151-9542
537,Almérinda,Cooney,rcooneyew@meetup.com,468-362-4519
538,Illustrée,Fullman,kfullmanex@jiathis.com,769-992-3498
539,Ophélie,Rodda,lroddaey@mashable.com,280-292-2043
540,Zoé,Lapides,tlapidesez@istockphoto.com,929-379-3720
541,Maëline,Aymer,maymerf0@naver.com,178-577-5991
542,Marie-ève,Jaan,hjaanf1@uiuc.edu,247-530-6009
543,Méng,Scranny,rscrannyf2@psu.edu,190-873-9220
544,Méng,Kiljan,ckiljanf3@go.com,714-535-2284
545,Dà,Van der Velden,yvanderveldenf4@fda.gov,964-157-2885
546,Méline,Beadman,cbeadmanf5@loc.gov,254-830-7324
547,Görel,Fowlston,jfowlstonf6@mail.ru,703-708-1318
548,Naéva,Kaspar,tkasparf7@census.gov,151-580-5964
549,Lài,Loach,gloachf8@prweb.com,239-493-3443
550,Tán,Wayman,bwaymanf9@eventbrite.com,125-303-4004
551,Séréna,Daice,vdaicefa@xinhuanet.com,444-393-1980
552,Sòng,Bartrop,nbartropfb@dion.ne.jp,485-262-7385
553,Eléa,New,snewfc@parallels.com,491-306-6792
554,Yú,Birwhistle,abirwhistlefd@tuttocitta.it,928-358-6709
555,Hélèna,Segrave,rsegravefe@squidoo.com,884-357-1302
556,Clémence,Alaway,talawayff@desdev.cn,692-648-2377
557,Léandre,Crebo,ecrebofg@buzzfeed.com,619-684-2291
558,Ruì,Beswick,kbeswickfh@taobao.com,420-565-2478
559,Illustrée,Menat,kmenatfi@privacy.gov.au,137-840-5919
560,Lucrèce,Easom,aeasomfj@narod.ru,208-371-9914
561,Magdalène,Chetwynd,pchetwyndfk@bandcamp.com,123-520-0690
562,Ráo,Josupeit,tjosupeitfl@ox.ac.uk,560-820-7542
563,Åke,Swinley,jswinleyfm@de.vu,856-903-4141
564,Kallisté,Cremin,acreminfn@bloomberg.com,617-211-9273
565,Märta,Helin,nhelinfo@soundcloud.com,353-685-4004
566,Gisèle,Bilovus,obilovusfp@elegantthemes.com,660-381-7235
567,Marie-thérèse,Iacopo,diacopofq@auda.org.au,658-580-6670
568,Ráo,Rosengren,jrosengrenfr@hp.com,804-151-9210
569,Pål,Payne,lpaynefs@linkedin.com,515-721-2019
570,Liè,Scurlock,ascurlockft@globo.com,909-251-7982
571,Gaïa,Gendrich,mgendrichfu@sina.com.cn,480-360-6834
572,Gösta,Mullaney,wmullaneyfv@amazon.co.uk,646-189-4992
573,Almérinda,Nurcombe,anurcombefw@tmall.com,784-529-4105
574,Vénus,Greensite,fgreensitefx@scribd.com,590-564-2383
575,Renée,Decayette,bdecayettefy@oakley.com,859-333-5373
576,Aí,Vern,lvernfz@eventbrite.com,781-612-9179
577,Zhì,Gavaghan,egavaghang0@rambler.ru,443-144-6794
578,Françoise,Matskevich,hmatskevichg1@google.cn,794-462-7771
579,Maïwenn,Behagg,tbehaggg2@howstuffworks.com,419-928-6886
580,Edmée,Gorelli,ggorellig3@altervista.org,561-543-9381
581,Tán,Angier,pangierg4@cbc.ca,405-926-5687
582,Garçon,Colliford,lcollifordg5@nyu.edu,522-331-4853
583,Aurélie,Seal,bsealg6@1und1.de,938-949-9171
584,Adélaïde,Ferry,kferryg7@vkontakte.ru,762-937-8886
585,Sòng,Sommerling,bsommerlingg8@newyorker.com,677-967-4837
586,Miléna,Strathern,xstratherng9@state.gov,650-170-3859
587,Yénora,Branigan,abraniganga@xing.com,886-101-1782
588,Märta,Ramstead,tramsteadgb@topsy.com,372-777-3740
589,Mélys,Abriani,rabrianigc@histats.com,733-208-4718
590,Vérane,Fardy,sfardygd@scientificamerican.com,525-335-0099
591,Maéna,Attryde,tattrydege@cafepress.com,731-968-3306
592,Marlène,Lesley,alesleygf@omniture.com,354-388-7093
593,Maëlla,McGonigal,bmcgonigalgg@nba.com,520-667-6990
594,Maïly,O'Hickee,wohickeegh@smh.com.au,220-937-8288
595,Cunégonde,Empson,sempsongi@cmu.edu,701-767-7712
596,Stéphanie,Wessel,gwesselgj@mediafire.com,324-599-3499
597,Nélie,Simmonett,lsimmonettgk@bloglines.com,389-930-2716
598,Cléa,Sheber,bshebergl@sciencedirect.com,959-910-6956
599,Yénora,Govinlock,lgovinlockgm@artisteer.com,515-359-6943
600,Maï,Corneliussen,kcorneliussengn@cloudflare.com,851-263-5753
601,Björn,Hitchens,jhitchensgo@vimeo.com,164-981-3553
602,Ruì,Barreau,mbarreaugp@skype.com,189-800-3260
603,Maïlis,Pressnell,cpressnellgq@google.ru,874-518-1028
604,Séréna,Tunney,gtunneygr@slashdot.org,542-537-0940
605,Maïlys,Wartnaby,lwartnabygs@sfgate.com,869-431-3807
606,Rébecca,Crocken,rcrockengt@businessinsider.com,320-673-2478
607,Örjan,Kiddye,fkiddyegu@indiegogo.com,466-248-0260
608,Réjane,Easby,measbygv@usatoday.com,128-295-6470
609,Yóu,Olivet,bolivetgw@icio.us,313-423-8833
610,Marie-thérèse,Teeney,dteeneygx@wiley.com,209-490-1961
611,Inès,McCalister,imccalistergy@wikia.com,303-349-1617
612,Anaïs,Tunstall,rtunstallgz@google.com,820-219-4433
613,Angèle,Yve,jyveh0@unc.edu,374-833-2452
614,Renée,Rittmeier,irittmeierh1@amazonaws.com,649-446-6890
615,Loïca,Aucourte,caucourteh2@theguardian.com,104-290-8450
616,Mélia,Geal,cgealh3@gizmodo.com,671-561-6534
617,Alizée,Jeavon,gjeavonh4@wufoo.com,948-182-0850
618,Zhì,Milbourne,smilbourneh5@fastcompany.com,957-265-0881
619,Gaïa,MacCardle,amaccardleh6@cbc.ca,461-374-2638
620,Méthode,Missenden,amissendenh7@pbs.org,149-631-2743
621,Alizée,Rickardsson,crickardssonh8@google.co.jp,216-598-5705
622,Maëline,Piniur,tpiniurh9@delicious.com,834-758-9784
623,Loïc,Cratere,mcratereha@baidu.com,985-668-1459
624,Athéna,Mortel,emortelhb@amazon.de,347-538-8557
625,Andréa,O'Moylan,womoylanhc@theguardian.com,328-493-1439
626,Björn,Blackmoor,lblackmoorhd@zdnet.com,918-201-4389
627,Mélanie,Fontelles,pfontelleshe@xinhuanet.com,819-729-2746
628,Crééz,Pastor,cpastorhf@imageshack.us,415-973-8282
629,Bérangère,Wastell,ewastellhg@github.com,487-135-5724
630,Marie-hélène,Ramelet,tramelethh@google.es,673-415-8196
631,Maëlyss,Mintoft,tmintofthi@ocn.ne.jp,242-638-2882
632,Illustrée,Paye,cpayehj@uol.com.br,469-516-5743
633,Stéphanie,Reynoldson,wreynoldsonhk@icq.com,405-162-0393
634,Maïté,Cake,acakehl@house.gov,113-661-6503
635,Noémie,Haukey,mhaukeyhm@yahoo.com,877-216-5871
636,Kallisté,Butcher,ebutcherhn@latimes.com,134-755-9390
637,Dorothée,Potkins,apotkinsho@soup.io,656-961-2913
638,Ruì,McEntagart,jmcentagarthp@icio.us,158-691-7776
639,Mélina,Gaffey,sgaffeyhq@geocities.jp,245-402-8570
640,Pélagie,Kingstne,gkingstnehr@homestead.com,425-207-7306
641,Mélanie,Marquese,jmarquesehs@admin.ch,114-637-8145
642,Thérèsa,Hendrichs,ahendrichsht@canalblog.com,382-772-4890
643,Cinéma,Foffano,zfoffanohu@va.gov,571-961-8413
644,Cunégonde,Atrill,eatrillhv@infoseek.co.jp,558-172-5641
645,Gwenaëlle,Hannabuss,bhannabusshw@cmu.edu,448-970-9724
646,Camélia,Brilon,cbrilonhx@phpbb.com,295-744-4592
647,Görel,Witherop,zwitherophy@livejournal.com,463-135-2784
648,Zoé,Brahan,mbrahanhz@ow.ly,362-548-0178
649,Léa,Antonioni,dantonionii0@wikimedia.org,943-247-6347
650,Eléonore,Yakebovich,syakebovichi1@angelfire.com,405-975-0580
651,Gaétane,Mingaud,lmingaudi2@cisco.com,414-871-3478
652,Irène,Vise,cvisei3@auda.org.au,408-161-1139
653,Ophélie,Paddock,dpaddocki4@globo.com,257-685-6030
654,Annotée,Cardiff,scardiffi5@acquirethisname.com,430-369-9913
655,Léa,Wellman,owellmani6@wired.com,752-145-3770
656,Noëlla,Handrik,chandriki7@storify.com,732-713-8641
657,Gisèle,Roubert,nrouberti8@newsvine.com,979-960-1883
658,Lauréna,Woakes,awoakesi9@usnews.com,190-701-8728
659,Yè,Belz,kbelzia@apple.com,933-821-7853
660,Publicité,Sollitt,csollittib@exblog.jp,401-264-8625
661,Mélia,Brighouse,dbrighouseic@ucoz.com,988-174-6417
662,Mélia,D'Abbot-Doyle,jdabbotdoyleid@flavors.me,298-842-5596
663,Océanne,Hanhard,chanhardie@springer.com,327-113-4165
664,Mélodie,Verrell,rverrellif@jugem.jp,118-704-4179
665,Magdalène,Glossup,aglossupig@noaa.gov,157-158-7472
666,Björn,Kampshell,gkampshellih@adobe.com,926-336-3350
667,Almérinda,Pfertner,jpfertnerii@marketwatch.com,391-871-3489
668,Tán,Nutten,jnuttenij@cafepress.com,177-866-3408
669,Håkan,Novotna,snovotnaik@wix.com,805-742-1988
670,Marie-noël,Nuzzetti,hnuzzettiil@google.pl,138-905-8338
671,Adèle,Southwick,csouthwickim@sakura.ne.jp,828-145-3847
672,Félicie,Wolverson,rwolversonin@wufoo.com,141-119-5413
673,Marie-josée,Iacovone,niacovoneio@unicef.org,127-829-2704
674,Maëly,Driuzzi,adriuzziip@dmoz.org,137-276-0594
675,Görel,Panks,wpanksiq@dailymotion.com,548-217-1866
676,Danièle,Murrie,pmurrieir@weibo.com,296-985-5021
677,Fèi,Reynoldson,dreynoldsonis@house.gov,407-443-4568
678,Méryl,Bilsland,abilslandit@storify.com,923-745-7344
679,Bérénice,Leveridge,cleveridgeiu@pcworld.com,462-133-4843
680,Anaé,Kynder,kkynderiv@google.it,695-175-2695
681,Dafnée,Hing,ihingiw@sfgate.com,373-990-5323
682,Styrbjörn,Paggitt,mpaggittix@sitemeter.com,771-651-8002
683,Maïlys,Iannitti,liannittiiy@usda.gov,505-132-1804
684,Almérinda,Abram,wabramiz@liveinternet.ru,249-435-3369
685,Kuí,Raccio,fraccioj0@miibeian.gov.cn,717-736-8930
686,Mélinda,Leggate,bleggatej1@senate.gov,556-153-6510
687,Bérangère,Woodroofe,jwoodroofej2@indiatimes.com,532-772-5870
688,Méghane,Lockley,dlockleyj3@i2i.jp,296-974-9208
689,Pélagie,Luckhurst,wluckhurstj4@ftc.gov,380-134-3815
690,Gwenaëlle,Feaster,jfeasterj5@freewebs.com,974-791-3481
691,Bérengère,Robiot,erobiotj6@wufoo.com,557-789-5189
692,Cunégonde,Messier,cmessierj7@people.com.cn,633-167-9391
693,Ruì,Ewols,jewolsj8@zimbio.com,581-286-0339
694,Styrbjörn,Puden,cpudenj9@economist.com,256-794-3396
695,Cinéma,Prendergrass,vprendergrassja@jimdo.com,289-500-6553
696,Méryl,Kennealy,mkennealyjb@trellian.com,243-546-7834
697,Illustrée,Ratnage,iratnagejc@wordpress.org,699-650-7677
698,Maéna,Trussell,htrusselljd@furl.net,766-178-7531
699,Clémentine,Bott,abottje@tinypic.com,700-247-3549
700,Maëlle,Aloshikin,raloshikinjf@mtv.com,107-890-9591
701,Annotés,Goldsbrough,kgoldsbroughjg@soundcloud.com,647-385-6490
702,Kù,Gwinnel,dgwinneljh@hao123.com,388-886-8709
703,Régine,Segebrecht,hsegebrechtji@facebook.com,637-489-7859
704,Marie-josée,Smoote,jsmootejj@netlog.com,687-220-2901
705,Laïla,Gurnett,vgurnettjk@4shared.com,459-744-9066
706,Mà,Stuckford,astuckfordjl@wikia.com,424-805-6033
707,Anaé,Whacket,swhacketjm@geocities.com,831-540-2902
708,Anaé,O'Giany,cogianyjn@amazonaws.com,147-586-2474
709,Andrée,Kopps,fkoppsjo@wordpress.com,931-192-5297
710,Yáo,Chandlar,lchandlarjp@cargocollective.com,790-229-2067
711,Annotés,Nowland,mnowlandjq@irs.gov,963-809-6037
712,Mélia,Lillgard,flillgardjr@github.io,865-538-1854
713,Solène,Hannabuss,shannabussjs@merriam-webster.com,418-674-6387
714,Thérèsa,Davidi,cdavidijt@berkeley.edu,363-898-5437
715,Léonore,Clift,scliftju@gov.uk,384-491-8756
716,Maïly,Blezard,gblezardjv@wikia.com,443-493-1000
717,Dà,Adiscot,cadiscotjw@ucoz.com,926-585-8032
718,Miléna,Cottell,mcottelljx@techcrunch.com,501-478-8499
719,Renée,Raynham,traynhamjy@nba.com,477-100-0185
720,Mélodie,Jills,ljillsjz@census.gov,268-890-5719
721,Anaël,Merriman,cmerrimank0@rambler.ru,663-372-5300
722,Dà,Ivatt,divattk1@seattletimes.com,931-628-4808
723,Zhì,Eggins,fegginsk2@sbwire.com,666-101-2637
724,Loïc,Mollett,emollettk3@washington.edu,462-899-8839
725,Maéna,Kasman,hkasmank4@omniture.com,347-429-9616
726,Nélie,Andriveau,aandriveauk5@blinklist.com,215-425-0822
727,Marie-noël,Worsall,jworsallk6@issuu.com,943-717-6105
728,Jú,Ducarne,gducarnek7@skyrock.com,940-911-6051
729,Jú,Trustram,ttrustramk8@tripadvisor.com,965-271-5584
730,Naéva,Castagnet,wcastagnetk9@ycombinator.com,207-553-6150
731,Chloé,Sterman,istermanka@chron.com,875-832-3551
732,Lén,Dearnley,kdearnleykb@youtube.com,393-734-7079
733,Annotée,McClosh,mmccloshkc@miitbeian.gov.cn,143-395-0752
734,Maëline,Langtry,alangtrykd@fastcompany.com,213-492-0707
735,Cléa,Coffelt,rcoffeltke@dailymotion.com,165-590-4160
736,Françoise,Murtimer,amurtimerkf@istockphoto.com,412-766-4249
737,Annotés,Francillo,ffrancillokg@cam.ac.uk,833-703-7531
738,Miléna,Braundt,bbraundtkh@java.com,288-504-0094
739,Örjan,Le feaver,slefeaverki@hugedomains.com,545-804-3853
740,Léane,Portt,hporttkj@1und1.de,336-950-4324
741,Mélinda,Ashling,nashlingkk@stumbleupon.com,557-842-2892
742,Maëlys,Furmedge,sfurmedgekl@infoseek.co.jp,124-310-7223
743,Félicie,Penny,epennykm@samsung.com,636-198-4017
744,Lèi,Lackey,alackeykn@sakura.ne.jp,133-826-6937
745,Véronique,Rauprich,srauprichko@army.mil,677-226-0278
746,Lyséa,Andreas,handreaskp@youtube.com,106-333-8205
747,Salomé,Chomley,achomleykq@blogs.com,392-636-4969
748,Bénédicte,Reast,breastkr@youku.com,738-277-6423
749,Maëlys,Marriner,bmarrinerks@soup.io,255-822-5894
750,Mén,Gerrets,qgerretskt@walmart.com,762-269-6765
751,Marie-françoise,Belham,ybelhamku@amazon.co.jp,241-197-4021
752,Desirée,Catlin,icatlinkv@comsenz.com,648-653-8684
753,Yè,Alliston,aallistonkw@creativecommons.org,834-586-1326
754,Méghane,Hayes,fhayeskx@cbc.ca,243-939-1775
755,Håkan,Bellie,mbellieky@imgur.com,748-838-7069
756,Athéna,Robiot,arobiotkz@rediff.com,244-293-0037
757,Cunégonde,Beri,fberil0@berkeley.edu,363-856-2451
758,Håkan,Cholton,scholtonl1@skyrock.com,437-452-3777
759,Léa,Maciejak,bmaciejakl2@technorati.com,688-988-8442
760,Maïwenn,Sline,rslinel3@istockphoto.com,466-414-4354
761,Desirée,MacCawley,pmaccawleyl4@photobucket.com,433-968-0056
762,Léonore,Tireman,rtiremanl5@phpbb.com,550-878-2121
763,Maëlann,Tubb,jtubbl6@telegraph.co.uk,469-138-5671
764,Aloïs,Netting,snettingl7@163.com,785-649-4352
765,Adélaïde,Jaggi,mjaggil8@fc2.com,502-987-6013
766,Médiamass,Risbie,trisbiel9@tuttocitta.it,683-320-9556
767,Méryl,Gentreau,fgentreaula@senate.gov,263-880-6700
768,Torbjörn,Commings,fcommingslb@ebay.com,833-208-3163
769,Illustrée,Atlee,satleelc@hhs.gov,653-186-9931
770,Néhémie,Treadaway,ltreadawayld@shop-pro.jp,376-777-5536
771,Magdalène,Itzhayek,hitzhayekle@virginia.edu,327-368-9229
772,Anaëlle,McAuliffe,nmcauliffelf@upenn.edu,760-492-3792
773,Maïlys,Heasman,aheasmanlg@godaddy.com,600-933-0770
774,Réservés,Casiero,acasierolh@facebook.com,270-472-4191
775,Intéressant,Breheny,pbrehenyli@ezinearticles.com,970-652-7842
776,Josée,Shirley,lshirleylj@nba.com,688-993-3305
777,Kuí,Ponter,sponterlk@dropbox.com,633-476-0259
778,Valérie,Mildmott,bmildmottll@bravesites.com,671-990-6780
779,Néhémie,Klimshuk,bklimshuklm@plala.or.jp,126-360-0964
780,Bérengère,Boynton,lboyntonln@xing.com,468-332-7956
781,Personnalisée,Garbert,ngarbertlo@amazon.co.jp,266-564-4734
782,Annotés,Ashall,jashalllp@examiner.com,949-668-6574
783,Görel,Giriardelli,dgiriardellilq@time.com,597-281-0137
784,Crééz,Gilloran,mgilloranlr@dagondesign.com,585-899-7180
785,Erwéi,Matuszyk,smatuszykls@hexun.com,981-603-9222
786,Mégane,Paddeley,gpaddeleylt@techcrunch.com,690-391-2606
787,Laurène,Boatswain,eboatswainlu@cdbaby.com,688-929-6295
788,Méghane,Doeg,ddoeglv@google.com,313-604-8696
789,Adèle,Vescovo,pvescovolw@mail.ru,868-800-8097
790,Lài,Tivnan,gtivnanlx@wikipedia.org,323-181-6030
791,Liè,Birden,jbirdenly@sakura.ne.jp,892-889-8801
792,Garçon,Basini-Gazzi,nbasinigazzilz@nyu.edu,609-961-8946
793,Miléna,Viscovi,mviscovim0@ovh.net,397-239-0474
794,Mén,Carluccio,ycarlucciom1@reference.com,611-768-9771
795,Hélèna,Chaplin,kchaplinm2@webmd.com,283-360-9248
796,André,Skillicorn,jskillicornm3@nydailynews.com,340-372-4846
797,Simplifiés,Bader,ibaderm4@umich.edu,812-643-8287
798,Ophélie,Baly,kbalym5@nyu.edu,547-420-9461
799,Béatrice,Martello,lmartellom6@live.com,328-713-3849
800,Cloé,Bellward,hbellwardm7@reuters.com,451-803-3725
801,Vérane,Sloss,cslossm8@hexun.com,718-316-2205
802,Mårten,Groveham,egrovehamm9@163.com,775-708-3484
803,Geneviève,Baily,abailyma@cafepress.com,801-808-9240
804,Yáo,Boarer,aboarermb@spotify.com,521-997-2687
805,Bécassine,Cockney,vcockneymc@bluehost.com,215-404-7374
806,Lóng,Carpenter,ecarpentermd@deliciousdays.com,698-106-0570
807,Pò,Scoffham,rscoffhamme@gmpg.org,391-183-5692
808,Thérèsa,Kristoffersson,hkristofferssonmf@ucla.edu,289-804-6864
809,Yóu,Illiston,cillistonmg@typepad.com,644-365-9024
810,Åsa,Rantoull,crantoullmh@pbs.org,684-783-0313
811,Dorothée,McAtamney,kmcatamneymi@merriam-webster.com,661-380-2789
812,Mélina,Dalyiel,mdalyielmj@cornell.edu,620-168-3741
813,Kévina,Grabb,cgrabbmk@exblog.jp,994-108-1587
814,Stéphanie,Extal,lextalml@fema.gov,568-609-6775
815,Yú,Houseley,dhouseleymm@cnet.com,282-235-1473
816,Håkan,Oman,jomanmn@reuters.com,766-152-9640
817,Cécilia,Harvison,sharvisonmo@cbc.ca,854-501-8581
818,Bérengère,Prugel,mprugelmp@google.cn,719-559-0885
819,Léonie,Petican,cpeticanmq@fema.gov,517-926-9838
820,Méthode,Sims,rsimsmr@wikimedia.org,737-184-3016
821,Loïca,Canfield,bcanfieldms@globo.com,385-526-8578
822,Bérangère,Glanert,bglanertmt@tiny.cc,660-830-5656
823,Athéna,Bogue,gboguemu@zdnet.com,778-225-7538
824,Loïc,Noore,tnooremv@bbb.org,771-629-7722
825,Anaé,Warde,jwardemw@dedecms.com,107-508-6148
826,Yóu,Marvelley,amarvelleymx@squarespace.com,833-807-4913
827,Marie-hélène,Yarnold,lyarnoldmy@bloglovin.com,757-793-9859
828,Véronique,Malthus,rmalthusmz@cbc.ca,176-430-4358
829,Yè,Biggadike,lbiggadiken0@sciencedirect.com,633-164-8512
830,Estée,Bonhan,kbonhann1@dropbox.com,803-837-5694
831,Loïca,Alderson,paldersonn2@washingtonpost.com,818-334-7052
832,Yáo,Agius,nagiusn3@earthlink.net,145-336-5452
833,Stévina,McGarel,kmcgareln4@hhs.gov,520-870-4261
834,Thérèse,Smallshaw,jsmallshawn5@baidu.com,641-920-0486
835,Danièle,Sleite,jsleiten6@a8.net,999-714-4791
836,Amélie,Boyland,cboylandn7@bing.com,501-235-6479
837,Edmée,Stolte,gstolten8@gravatar.com,692-122-8846
838,Dafnée,Kick,jkickn9@last.fm,954-450-7554
839,Inès,Crudgington,wcrudgingtonna@washingtonpost.com,115-596-0148
840,Aloïs,Derges,edergesnb@geocities.com,768-349-5828
841,Gaétane,Sterricker,ssterrickernc@ovh.net,680-898-7341
842,Annotés,Waddoups,vwaddoupsnd@theglobeandmail.com,113-536-5813
843,Cloé,Buckett,wbuckettne@goodreads.com,811-458-5400
844,Marie-noël,Lancetter,clancetternf@nasa.gov,171-490-2742
845,Geneviève,Gair,lgairng@mysql.com,117-883-2808
846,Mélia,Amner,lamnernh@dailymotion.com,629-943-0684
847,Andrée,Carnall,dcarnallni@barnesandnoble.com,172-783-4096
848,Mélissandre,Pinel,lpinelnj@va.gov,105-355-2372
849,Cunégonde,Friedenbach,mfriedenbachnk@flickr.com,166-244-1200
850,Gwenaëlle,Gobeau,cgobeaunl@mtv.com,478-520-9884
851,Måns,McCard,nmccardnm@hp.com,875-765-0918
852,Célia,Attwoull,battwoullnn@epa.gov,995-803-4531
853,Danièle,Rulf,prulfno@seattletimes.com,747-699-4264
854,Gwenaëlle,Drysdall,udrysdallnp@behance.net,696-374-9283
855,Gaëlle,Camell,rcamellnq@ft.com,993-612-3769
856,Méline,Camelli,rcamellinr@princeton.edu,587-306-3528
857,Maïly,Ettels,qettelsns@mac.com,911-740-3086
858,Mélinda,Kochs,wkochsnt@wufoo.com,988-967-4666
859,Maëlyss,Crudgington,ccrudgingtonnu@barnesandnoble.com,950-637-7468
860,Mélanie,Westrope,dwestropenv@census.gov,292-792-0460
861,Méline,Lapping,hlappingnw@dmoz.org,591-882-3980
862,Gwenaëlle,Shasnan,kshasnannx@over-blog.com,677-653-2481
863,Eugénie,Proudlove,jproudloveny@meetup.com,120-887-6230
864,Aimée,Cockerham,dcockerhamnz@ustream.tv,965-126-9468
865,Méng,Latchford,vlatchfordo0@goodreads.com,143-998-1713
866,Måns,Rotherham,drotherhamo1@mozilla.com,541-883-2455
867,Nadège,Keat,akeato2@usa.gov,456-473-3723
868,Miléna,Richard,mrichardo3@eventbrite.com,976-520-5332
869,Ráo,MacAughtrie,wmacaughtrieo4@reddit.com,229-300-8359
870,Måns,Woodcraft,awoodcrafto5@rakuten.co.jp,598-134-8667
871,Clémentine,Tomczykiewicz,stomczykiewiczo6@nih.gov,101-763-1023
872,Maëly,Crookes,mcrookeso7@theguardian.com,765-150-6323
873,Régine,Durnian,mdurniano8@livejournal.com,130-181-5479
874,Gaétane,Mullen,dmulleno9@homestead.com,943-441-0755
875,Garçon,Bithell,hbithelloa@reference.com,193-500-4126
876,Eléa,Basillon,mbasillonob@mayoclinic.com,766-700-3452
877,Léana,Holwell,yholwelloc@google.fr,446-571-1133
878,Anaé,Lilburne,qlilburneod@blogtalkradio.com,536-206-1761
879,Joséphine,Carver,dcarveroe@hibu.com,606-808-5456
880,Léane,Cardenoso,kcardenosoof@infoseek.co.jp,871-920-7781
881,Stéphanie,Croxton,dcroxtonog@wunderground.com,843-993-0424
882,Loïca,Pettegree,cpettegreeoh@wordpress.org,557-171-7264
883,Rachèle,Farman,efarmanoi@weather.com,719-869-0548
884,Pénélope,Denkel,adenkeloj@mapquest.com,758-549-9452
885,Gaïa,Adelsberg,madelsbergok@google.it,403-291-5646
886,Aurélie,Dixsee,cdixseeol@loc.gov,874-496-7458
887,Hélène,Giacomozzo,kgiacomozzoom@intel.com,285-579-3078
888,Maéna,Fincher,jfincheron@businessinsider.com,601-903-4704
889,Desirée,Inwood,linwoodoo@newsvine.com,136-691-0575
890,Noëlla,Buntain,nbuntainop@spiegel.de,473-475-0695
891,Wá,Cund,ccundoq@dailymotion.com,972-723-5810
892,Lyséa,Darley,tdarleyor@sciencedaily.com,484-449-7654
893,Mélissandre,Robardley,arobardleyos@umich.edu,527-367-0146
894,Alizée,Feldmann,bfeldmannot@buzzfeed.com,125-260-8776
895,Mégane,Cowdry,rcowdryou@blogs.com,415-484-0373
896,Garçon,Howieson,ahowiesonov@amazon.com,393-709-5939
897,Stéphanie,Jahndel,hjahndelow@elegantthemes.com,894-893-2364
898,Andréa,Stodart,hstodartox@ca.gov,699-103-1071
899,Dafnée,Corke,acorkeoy@github.io,688-871-3047
900,Görel,Berthod,jberthodoz@shinystat.com,854-835-2840
901,Bénédicte,Trippick,atrippickp0@vistaprint.com,516-650-8381
902,Anaëlle,Lyffe,dlyffep1@unblog.fr,348-472-0954
903,Fèi,Vala,tvalap2@examiner.com,533-739-0649
904,Marie-hélène,Pillington,lpillingtonp3@bbb.org,824-792-0035
905,Marylène,Garford,bgarfordp4@goo.ne.jp,339-576-1839
906,Estée,Ewan,jewanp5@mayoclinic.com,389-648-4634
907,Gisèle,Barabich,gbarabichp6@amazon.co.jp,413-133-8625
908,Göran,Tyhurst,styhurstp7@vinaora.com,429-347-4482
909,Bécassine,Hardbattle,dhardbattlep8@vistaprint.com,885-913-5886
910,Görel,Kassman,akassmanp9@cloudflare.com,371-654-6648
911,Josée,Ciccarelli,sciccarellipa@pcworld.com,639-917-7322
912,Tán,Dionisetti,ddionisettipb@bloomberg.com,684-223-8059
913,Zoé,Tiddy,mtiddypc@multiply.com,344-991-2757
914,Valérie,Kerins,dkerinspd@fda.gov,253-980-2490
915,Léandre,Wettern,zwetternpe@wunderground.com,962-307-4967
916,Personnalisée,Deverill,pdeverillpf@google.it,770-172-6470
917,Gaétane,Filippov,tfilippovpg@house.gov,875-703-7430
918,Maï,Dumper,edumperph@hc360.com,158-143-2098
919,Pò,Itzhayek,bitzhayekpi@gravatar.com,533-225-5879
920,Gérald,Dingate,ldingatepj@feedburner.com,259-409-0752
921,Lèi,Bullman,dbullmanpk@stanford.edu,844-471-3720
922,Illustrée,Imesen,timesenpl@bizjournals.com,857-816-1943
923,Mélys,Staite,estaitepm@livejournal.com,450-994-6114
924,Zoé,Traves,ptravespn@so-net.ne.jp,992-587-2824
925,Åslög,McReedy,mmcreedypo@unicef.org,415-601-7508
926,Geneviève,Rattrie,rrattriepp@friendfeed.com,992-155-2731
927,Marylène,Graundisson,fgraundissonpq@cyberchimps.com,917-583-8673
928,Agnès,Blacklock,lblacklockpr@walmart.com,479-206-9549
929,Audréanne,Deelay,mdeelayps@ocn.ne.jp,785-603-9116
930,Adèle,Janout,jjanoutpt@who.int,729-976-7409
931,Léana,Bockmaster,vbockmasterpu@auda.org.au,963-823-0298
932,Mélanie,Pindell,spindellpv@psu.edu,314-168-5795
933,Dorothée,Threadgall,kthreadgallpw@wikia.com,957-389-5949
934,Lèi,Sales,dsalespx@chronoengine.com,641-383-4250
935,Zhì,Mc Ilwrick,emcilwrickpy@hugedomains.com,690-551-3091
936,Illustrée,Rosellini,jrosellinipz@bloglovin.com,389-942-6380
937,Félicie,Giuron,mgiuronq0@telegraph.co.uk,960-384-6416
938,Marie-josée,Trosdall,strosdallq1@nbcnews.com,983-579-2099
939,Anaëlle,Robbs,nrobbsq2@opensource.org,296-974-1545
940,Dafnée,Padkin,spadkinq3@upenn.edu,142-733-8894
941,Mårten,Lodevick,jlodevickq4@berkeley.edu,336-292-2150
942,Maëlla,Wisam,swisamq5@google.fr,696-199-6263
943,Valérie,Barfield,abarfieldq6@w3.org,202-304-1336
944,Céline,Norcross,rnorcrossq7@java.com,893-338-6203
945,Estève,Glasson,bglassonq8@printfriendly.com,762-701-8107
946,André,Swatman,lswatmanq9@wired.com,493-230-6307
947,Lauréna,Suffield,esuffieldqa@google.com.br,189-572-9832
948,Gaétane,Acom,bacomqb@goo.gl,125-725-5264
949,Angélique,Mc Corley,gmccorleyqc@dailymail.co.uk,875-248-3133
950,Ruò,Dupoy,edupoyqd@is.gd,562-637-1592
951,Ophélie,Handrek,ghandrekqe@vimeo.com,410-185-9527
952,Naéva,Brenstuhl,gbrenstuhlqf@digg.com,661-481-2663
953,Publicité,Tirrell,jtirrellqg@wisc.edu,898-891-7170
954,Aí,Kleyn,ckleynqh@skyrock.com,561-706-5292
955,Lyséa,Stickins,vstickinsqi@tmall.com,133-113-9950
956,Anaé,Heymes,mheymesqj@bluehost.com,591-188-6056
957,Anaïs,Beran,pberanqk@feedburner.com,357-717-7284
958,Ruò,Easter,deasterql@parallels.com,946-779-1211
959,Séréna,Breckon,ibreckonqm@state.gov,998-507-6961
960,Aurélie,Prattin,mprattinqn@wunderground.com,146-265-4518
961,Fèi,Munns,cmunnsqo@purevolume.com,297-104-7587
962,Aurélie,Quartley,lquartleyqp@flickr.com,441-528-1564
963,Adélaïde,Brittian,jbrittianqq@wikipedia.org,963-531-8993
964,Médiamass,Theunissen,ctheunissenqr@spotify.com,683-479-2985
965,Loïca,Burgett,mburgettqs@chicagotribune.com,602-761-2654
966,Gwenaëlle,Goly,lgolyqt@webmd.com,421-417-3277
967,Laurène,Brinkley,abrinkleyqu@sakura.ne.jp,106-908-2600
968,André,Swindle,aswindleqv@istockphoto.com,903-208-7241
969,Magdalène,Coleiro,gcoleiroqw@tmall.com,951-702-6743
970,Lài,Samson,jsamsonqx@abc.net.au,773-427-7093
971,Judicaël,Songer,dsongerqy@mozilla.com,466-791-5340
972,Cécilia,Cinnamond,mcinnamondqz@w3.org,197-939-3654
973,Mélanie,Duchan,mduchanr0@nhs.uk,492-415-2706
974,Aloïs,Mansel,bmanselr1@berkeley.edu,326-752-0163
975,Mélinda,Fiorentino,efiorentinor2@canalblog.com,479-117-9314
976,Vénus,Phonix,vphonixr3@nydailynews.com,555-810-6785
977,Dorothée,Vesco,nvescor4@icq.com,331-501-3384
978,Edmée,Billing,sbillingr5@hugedomains.com,972-259-8887
979,Maëlle,Farnill,tfarnillr6@xrea.com,490-891-6816
980,Néhémie,Spellard,hspellardr7@yellowpages.com,420-980-8471
981,Erwéi,Lewsey,slewseyr8@gov.uk,805-306-2759
982,Maï,Brumby,zbrumbyr9@dion.ne.jp,460-795-3545
983,Audréanne,Waiting,cwaitingra@sohu.com,977-974-7464
984,Åslög,Heigho,jheighorb@toplist.cz,574-852-0758
985,Almérinda,Roels,mroelsrc@nih.gov,549-286-5023
986,Thérèsa,McLoney,lmcloneyrd@arizona.edu,869-761-1382
987,Lyséa,Dando,ddandore@intel.com,905-250-4829
988,André,Pilkington,tpilkingtonrf@house.gov,975-448-1487
989,Rachèle,Prinne,aprinnerg@indiegogo.com,414-897-9837
990,Méng,Yerrington,syerringtonrh@bing.com,412-215-5243
991,Mà,Sheron,esheronri@youtu.be,286-329-3678
992,Andrée,Lingwood,alingwoodrj@tinypic.com,642-261-9479
993,Clémence,Crowest,wcrowestrk@t-online.de,823-994-4246
994,Torbjörn,Ladd,dladdrl@opensource.org,560-258-2748
995,Béatrice,Kidney,lkidneyrm@washington.edu,816-400-2220
996,Maëlann,Gwinn,agwinnrn@wikia.com,758-645-9907
997,Rébecca,Shropsheir,dshropsheirro@friendfeed.com,274-652-9042
998,Géraldine,Hyam,jhyamrp@free.fr,693-313-7681
999,Simplifiés,Renner,srennerrq@amazonaws.com,518-371-9513
1000,Bécassine,MacAdam,smacadamrr@privacy.gov.au,805-573-9823
